Type,Name,Request Count,Failure Count,Median Response Time,Average Response Time,Min Response Time,Max Response Time,Average Content Size,Requests/s,Failures/s,50%,66%,75%,80%,90%,95%,98%,99%,99.9%,99.99%,100%
GET,download_warm,1,0,11.415939006838016,11.415939006838016,11.415939006838016,11.415939006838016,16269.0,0.12813181137786062,0.0,11,11,11,11,11,11,11,11,11,11,11
GET,healthz,1,0,4.9188340053660795,4.9188340053660795,4.9188340053660795,4.9188340053660795,41.0,0.12813181137786062,0.0,5,5,5,5,5,5,5,5,5,5,5
GET,healthz-warm,1,0,4.938302008667961,4.938302008667961,4.938302008667961,4.938302008667961,41.0,0.12813181137786062,0.0,5,5,5,5,5,5,5,5,5,5,5
POST,predict,2,0,23.396188000333495,37.69050299888477,23.396188000333495,51.98481799743604,320.0,0.25626362275572123,0.0,52,52,52,52,52,52,52,52,52,52,52
,Aggregated,5,0,11,19.330816203728318,4.9188340053660795,51.98481799743604,3398.2,0.640659056889303,0.0,11,23,23,52,52,52,52,52,52,52,52
