Type,Name,Request Count,Failure Count,Median Response Time,Average Response Time,Min Response Time,Max Response Time,Average Content Size,Requests/s,Failures/s,50%,66%,75%,80%,90%,95%,98%,99%,99.9%,99.99%,100%
GET,download_processed,80,0,38,239.6307588005584,7.3489439964760095,2850.1437499944586,16269.0,2.7104195590481863,0.0,38,72,90,110,220,2300,2800,2900,2900,2900,2900
GET,download_warm,50,0,2300.0,2204.001704378752,618.8662399945315,3747.717983991606,16269.0,1.6940122244051163,0.0,2300,2800,3000,3100,3400,3500,3700,3700,3700,3700,3700
GET,healthz,81,0,28,220.37159808714483,2.6849590067286044,2755.937259993516,41.0,2.7442998035362884,0.0,28,68,100,120,200,2100,2600,2800,2800,2800,2800
GET,healthz-warm,50,50,1000.0,955.9150221815798,44.44822799996473,1660.8854170044651,0.0,1.6940122244051163,1.6940122244051163,1000,1300,1400,1400,1600,1600,1700,1700,1700,1700,1700
POST,predict,581,3,65,223.50599549744513,5.663503005052917,3207.700933999149,340.2839931153184,19.684422047587454,0.10164073346430699,65,110,150,180,330,1700,2400,2900,3200,3200,3200
,Aggregated,842,53,71,385.8353680060993,2.6849590067286044,3747.717983991606,2750.5890736342044,28.527165858982162,1.7956529578694234,71,140,210,310,1500,2400,3000,3200,3700,3700,3700
