Type,Name,Request Count,Failure Count,Median Response Time,Average Response Time,Min Response Time,Max Response Time,Average Content Size,Requests/s,Failures/s,50%,66%,75%,80%,90%,95%,98%,99%,99.9%,99.99%,100%
GET,download_processed,154,2,4400.0,4409.241408630227,1296.4677339914488,5956.650369989802,16057.714285714286,2.42246321685736,0.03146056125788779,4400,4800,5000,5100,5300,5400,5600,5600,6000,6000,6000
GET,download_warm,45,0,3500.0,3674.0405994664698,2456.7674930003705,5366.628225005115,16269.0,0.7078626283024754,0.0,3500,3800,4600,4600,5000,5200,5400,5400,5400,5400,5400
GET,healthz,178,0,4000.0,3914.0081792921706,1440.275427987217,4771.404366998468,41.0,2.7999899519520137,0.0,4000,4100,4100,4200,4300,4400,4600,4700,4800,4800,4800
GET,healthz-warm,200,0,9400.0,9760.332345075007,3646.0307279921835,17758.22345499182,41.0,3.1460561257887796,0.0,9400,11000,12000,13000,15000,17000,18000,18000,18000,18000,18000
POST,predict,1345,18,3600.0,3528.6439991078473,1107.2687459964072,6359.720520005794,346.2728624535316,21.157227445929543,0.28314505132099016,3600,3700,3800,3900,4100,4300,4600,5000,6200,6400,6400
,Aggregated,1922,20,3700.0,4286.753958186332,1107.2687459964072,17758.22345499182,1917.9125910509886,30.23359936883017,0.3146056125788779,3700,4000,4100,4200,5300,9500,13000,15000,18000,18000,18000
