Type,Name,Request Count,Failure Count,Median Response Time,Average Response Time,Min Response Time,Max Response Time,Average Content Size,Requests/s,Failures/s,50%,66%,75%,80%,90%,95%,98%,99%,99.9%,99.99%,100%
GET,download_processed,26,0,11,37.03158880783191,7.118392997654155,189.68393899558578,16269.0,0.5922572919312905,0.0,13,28,33,36,150,150,190,190,190,190,190
GET,download_warm,10,0,1600.0,1230.9633269003825,329.06838500639424,1748.2512800052064,16269.0,0.22779126612741943,0.0,1600,1700,1700,1700,1700,1700,1700,1700,1700,1700,1700
GET,healthz,39,0,18,50.84072581928176,2.8353870002320036,250.72935699427035,41.0,0.8883859378969358,0.0,18,38,100,110,150,200,250,250,250,250,250
GET,healthz-warm,20,0,420.0,451.11098984707496,97.9189990030136,843.6471390014049,41.0,0.45558253225483886,0.0,450,490,620,750,840,840,840,840,840,840,840
GET,predict_ping,299,0,32,101.01468920415496,2.2792169911554083,1359.143376990687,100.89966555183946,6.810958857209841,0.0,32,83,110,130,200,330,1100,1200,1400,1400,1400
POST,predict_warmup,299,299,91,125.77676558535177,8.70698799553793,1002.4021040007938,37.163879598662206,6.810958857209841,6.810958857209841,91,130,160,170,270,380,710,810,1000,1000,1000
,Aggregated,693,299,62,132.8832722423715,2.2792169911554083,1748.2512800052064,908.2020202020202,15.785934742630166,6.810958857209841,62,100,150,170,280,540,1100,1400,1700,1700,1700
