Type,Name,Request Count,Failure Count,Median Response Time,Average Response Time,Min Response Time,Max Response Time,Average Content Size,Requests/s,Failures/s,50%,66%,75%,80%,90%,95%,98%,99%,99.9%,99.99%,100%
GET,download_processed,13,0,8,9.515266233043244,6.725573999574408,28.351434986689128,16269.0,0.43829779859298934,0.0,8,8,9,10,10,28,28,28,28,28,28
GET,download_warm,10,0,450.0,478.6563353991369,100.07134100305848,781.3122020015726,16269.0,0.337152152763838,0.0,530,620,700,780,780,780,780,780,780,780,780
GET,healthz,5,0,3,11.132763599744067,2.705534003325738,40.06341799686197,41.0,0.168576076381919,0.0,3,6,6,40,40,40,40,40,40,40,40
GET,healthz-warm,10,0,220.0,275.6631717973505,34.020125996903516,485.11767099262215,41.0,0.337152152763838,0.0,280,370,440,480,490,490,490,490,490,490,490
GET,predict_ping,80,0,4,8.082234337416594,2.6407530094729736,294.3580179999117,101.0,2.697217222110704,0.0,4,4,4,5,6,10,29,290,290,290,290
POST,predict_warmup,80,80,17,20.366920550623036,12.010223013930954,50.94326699327212,37.0,2.697217222110704,2.697217222110704,17,21,23,25,35,41,44,51,51,51,51
,Aggregated,198,80,13,50.497422939577405,2.6407530094729736,781.3122020015726,1948.6969696969697,6.675612624723992,2.697217222110704,13,17,22,25,98,370,620,780,780,780,780
