Type,Name,Request Count,Failure Count,Median Response Time,Average Response Time,Min Response Time,Max Response Time,Average Content Size,Requests/s,Failures/s,50%,66%,75%,80%,90%,95%,98%,99%,99.9%,99.99%,100%
GET,download_processed,10,0,7,7.7686240008915775,5.557666998356581,9.43875800294336,16269.0,0.34533841300243046,0.0,8,8,9,9,9,9,9,9,9,9,9
GET,download_warm,10,0,580.0,619.44195489923,135.6272720004199,1068.5907620063517,16269.0,0.34533841300243046,0.0,700,710,920,950,1100,1100,1100,1100,1100,1100,1100
GET,healthz,7,0,5,5.205677861730302,2.914855009294115,8.572781007387675,41.0,0.24173688910170132,0.0,5,5,7,7,9,9,9,9,9,9,9
GET,healthz-warm,10,0,400.0,330.85956160066416,34.551942997495644,430.5803399911383,41.0,0.34533841300243046,0.0,400,400,400,420,430,430,430,430,430,430,430
POST,predict,83,1,4,5.4621316872309915,2.794302999973297,73.52895400254056,355.6265060240964,2.866308827920173,0.03453384130024305,4,5,5,6,6,9,16,74,74,74,74
,Aggregated,120,1,5,83.92081733400119,2.794302999973297,1068.5907620063517,2963.2833333333333,4.144060956029166,0.03453384130024305,5,6,8,10,400,580,920,950,1100,1100,1100
