Type,Name,Request Count,Failure Count,Median Response Time,Average Response Time,Min Response Time,Max Response Time,Average Content Size,Requests/s,Failures/s,50%,66%,75%,80%,90%,95%,98%,99%,99.9%,99.99%,100%
GET,download_processed,569,3,4100.0,3970.8410801579994,144.73631199507508,7158.7778289976995,16183.223198594025,3.1029285216258073,0.01635990433194626,4100,4200,4300,4400,5100,5500,5800,6100,7200,7200,7200
GET,download_warm,10,0,660.0,568.8377481026691,123.87614599720109,1055.256088002352,16269.0,0.054533014439820865,0.0,670,680,700,810,1100,1100,1100,1100,1100,1100,1100
GET,healthz,517,0,3900.0,3873.8210163231392,6.634258999838494,5529.245679004816,41.0,2.8193568465387386,0.0,3900,4000,4100,4200,4300,4400,4500,4500,5500,5500,5500
GET,healthz-warm,200,0,740.0,1618.7379563001014,29.365337002673186,6140.292643991415,41.0,1.0906602887964174,0.0,740,1300,2900,3700,4400,5100,5300,5400,6100,6100,6100
POST,predict,4432,4432,3400.0,3346.7471424256923,6.310935001238249,5502.841795008862,64.0,24.16903199972861,24.16903199972861,3400,3600,3700,3800,4000,4100,4300,4500,5300,5500,5500
,Aggregated,5728,4435,3500.0,3391.1301229086303,6.310935001238249,7158.7778289976995,1690.6405377094973,31.23651067112939,24.185391904060555,3500,3800,3900,4000,4200,4300,4800,5200,6100,7200,7200
