{
  "data": {
    "ts": ["2019-01-12T17:12:00Z"],
    "down": [38490328.0],
    "up": [18729576.0],
    "rnti_count": [4495],
    "mcs_down": [2.5736174991673955],
    "mcs_down_var": [45.616769026858385],
    "mcs_up": [13.382754572708519],
    "mcs_up_var": [71.07038424980074],
    "rb_down": [0.013609833333333333],
    "rb_down_var": [1.9610252385127543e-08],
    "rb_up": [0.008342500000000001],
    "rb_up_var": [1.0836817937387447e-08]
  }
}
